timestamp,room_id,area,num_windows,window_area,hour,day,month,temperature,humidity,co2,electricity
2025-01-01 01:00:00,F4_R19,14,1,1.11,1,1,1,13.31,30.81,420.05,0.2
2025-01-01 02:00:00,F4_R19,14,1,1.11,2,1,1,13.18,32.14,420.15,0.2
2025-01-01 03:00:00,F4_R19,14,1,1.11,3,1,1,13.02,33.9,420.47,0.2
2025-01-01 04:00:00,F4_R19,14,1,1.11,4,1,1,13.11,34.8,421.38,0.201
2025-01-01 05:00:00,F4_R19,14,1,1.11,5,1,1,13.73,37.08,424.17,0.202
2025-01-01 06:00:00,F4_R19,14,1,1.11,6,1,1,14.17,40.76,432.67,0.208
2025-01-01 07:00:00,F4_R19,14,1,1.11,7,1,1,15.14,43.52,455.57,0.228
2025-01-01 08:00:00,F4_R19,14,1,1.11,8,1,1,16.16,46.31,508.57,0.286
2025-01-01 09:00:00,F4_R19,14,1,1.11,9,1,1,17.68,50.23,601.33,0.415
2025-01-01 10:00:00,F4_R19,14,1,1.11,10,1,1,18.68,52.83,688.99,0.525
2025-01-01 11:00:00,F4_R19,14,1,1.11,11,1,1,20.87,55.33,742.29,0.584
2025-01-01 12:00:00,F4_R19,14,1,1.11,12,1,1,22.66,57.31,767.42,0.617
2025-01-01 13:00:00,F4_R19,14,1,1.11,13,1,1,23.05,56.79,762.35,0.578
2025-01-01 14:00:00,F4_R19,14,1,1.11,14,1,1,23.07,56.32,757.97,0.578
2025-01-01 15:00:00,F4_R19,14,1,1.11,15,1,1,22.96,55.28,741.86,0.582
2025-01-01 16:00:00,F4_R19,14,1,1.11,16,1,1,21.52,52.55,686.92,0.516
2025-01-01 17:00:00,F4_R19,14,1,1.11,17,1,1,20.07,50.11,600.76,0.413
2025-01-01 18:00:00,F4_R19,14,1,1.11,18,1,1,19.29,46.09,508.03,0.284
2025-01-01 19:00:00,F4_R19,14,1,1.11,19,1,1,17.41,42.43,454.51,0.225
2025-01-01 20:00:00,F4_R19,14,1,1.11,20,1,1,15.83,40.7,432.65,0.208
2025-01-01 21:00:00,F4_R19,14,1,1.11,21,1,1,14.88,37.08,424.17,0.202
2025-01-01 22:00:00,F4_R19,14,1,1.11,22,1,1,14.0,34.95,421.39,0.201
2025-01-01 23:00:00,F4_R19,14,1,1.11,23,1,1,13.82,32.42,420.45,0.2
2025-01-02 00:00:00,F4_R19,14,1,1.11,0,2,1,12.82,30.5,420.02,0.2
2025-01-02 01:00:00,F4_R19,14,1,1.11,1,2,1,13.31,30.81,420.05,0.2
2025-01-02 02:00:00,F4_R19,14,1,1.11,2,2,1,13.18,32.14,420.15,0.2
2025-01-02 03:00:00,F4_R19,14,1,1.11,3,2,1,13.02,33.9,420.47,0.2
2025-01-02 04:00:00,F4_R19,14,1,1.11,4,2,1,13.11,34.8,421.38,0.201
2025-01-02 05:00:00,F4_R19,14,1,1.11,5,2,1,13.73,37.08,424.17,0.202
2025-01-02 06:00:00,F4_R19,14,1,1.11,6,2,1,14.17,40.76,432.67,0.208
2025-01-02 07:00:00,F4_R19,14,1,1.11,7,2,1,15.14,43.52,455.57,0.228
2025-01-02 08:00:00,F4_R19,14,1,1.11,8,2,1,16.16,46.31,508.57,0.286
2025-01-02 09:00:00,F4_R19,14,1,1.11,9,2,1,17.68,50.23,601.33,0.415
2025-01-02 10:00:00,F4_R19,14,1,1.11,10,2,1,18.68,52.83,688.99,0.525
2025-01-02 11:00:00,F4_R19,14,1,1.11,11,2,1,20.87,55.33,742.29,0.584
2025-01-02 12:00:00,F4_R19,14,1,1.11,12,2,1,22.66,57.31,767.42,0.617
2025-01-02 13:00:00,F4_R19,14,1,1.11,13,2,1,23.05,56.79,762.35,0.578
2025-01-02 14:00:00,F4_R19,14,1,1.11,14,2,1,23.07,56.32,757.97,0.578
2025-01-02 15:00:00,F4_R19,14,1,1.11,15,2,1,22.96,55.28,741.86,0.582
2025-01-02 16:00:00,F4_R19,14,1,1.11,16,2,1,21.52,52.55,686.92,0.516
2025-01-02 17:00:00,F4_R19,14,1,1.11,17,2,1,20.07,50.11,600.76,0.413
2025-01-02 18:00:00,F4_R19,14,1,1.11,18,2,1,19.29,46.09,508.03,0.284
2025-01-02 19:00:00,F4_R19,14,1,1.11,19,2,1,17.41,42.43,454.51,0.225
2025-01-02 20:00:00,F4_R19,14,1,1.11,20,2,1,15.83,40.7,432.65,0.208
2025-01-02 21:00:00,F4_R19,14,1,1.11,21,2,1,14.88,37.08,424.17,0.202
2025-01-02 22:00:00,F4_R19,14,1,1.11,22,2,1,14.0,34.95,421.39,0.201
2025-01-02 23:00:00,F4_R19,14,1,1.11,23,2,1,13.82,32.42,420.45,0.2
2025-01-03 00:00:00,F4_R19,14,1,1.11,0,3,1,12.82,30.5,420.02,0.2
2025-01-03 01:00:00,F4_R19,14,1,1.11,1,3,1,13.31,30.81,420.05,0.2
2025-01-03 02:00:00,F4_R19,14,1,1.11,2,3,1,13.18,32.14,420.15,0.2
2025-01-03 03:00:00,F4_R19,14,1,1.11,3,3,1,13.02,33.9,420.47,0.2
2025-01-03 04:00:00,F4_R19,14,1,1.11,4,3,1,13.11,34.8,421.38,0.201
2025-01-03 05:00:00,F4_R19,14,1,1.11,5,3,1,13.73,37.08,424.17,0.202
2025-01-03 06:00:00,F4_R19,14,1,1.11,6,3,1,14.17,40.76,432.67,0.208
2025-01-03 07:00:00,F4_R19,14,1,1.11,7,3,1,15.14,43.52,455.57,0.228
2025-01-03 08:00:00,F4_R19,14,1,1.11,8,3,1,16.16,46.31,508.57,0.286
2025-01-03 09:00:00,F4_R19,14,1,1.11,9,3,1,17.68,50.23,601.33,0.415
2025-01-03 10:00:00,F4_R19,14,1,1.11,10,3,1,18.68,52.83,688.99,0.525
2025-01-03 11:00:00,F4_R19,14,1,1.11,11,3,1,20.87,55.33,742.29,0.584
2025-01-03 12:00:00,F4_R19,14,1,1.11,12,3,1,22.66,57.31,767.42,0.617
2025-01-03 13:00:00,F4_R19,14,1,1.11,13,3,1,23.05,56.79,762.35,0.578
2025-01-03 14:00:00,F4_R19,14,1,1.11,14,3,1,23.07,56.32,757.97,0.578
2025-01-03 15:00:00,F4_R19,14,1,1.11,15,3,1,22.96,55.28,741.86,0.582
2025-01-03 16:00:00,F4_R19,14,1,1.11,16,3,1,21.52,52.55,686.92,0.516
2025-01-03 17:00:00,F4_R19,14,1,1.11,17,3,1,20.07,50.11,600.76,0.413
2025-01-03 18:00:00,F4_R19,14,1,1.11,18,3,1,19.29,46.09,508.03,0.284
2025-01-03 19:00:00,F4_R19,14,1,1.11,19,3,1,17.41,42.43,454.51,0.225
2025-01-03 20:00:00,F4_R19,14,1,1.11,20,3,1,15.83,40.7,432.65,0.208
2025-01-03 21:00:00,F4_R19,14,1,1.11,21,3,1,14.88,37.08,424.17,0.202
2025-01-03 22:00:00,F4_R19,14,1,1.11,22,3,1,14.0,34.95,421.39,0.201
2025-01-03 23:00:00,F4_R19,14,1,1.11,23,3,1,13.82,32.42,420.45,0.2
2025-01-04 00:00:00,F4_R19,14,1,1.11,0,4,1,12.82,30.5,420.02,0.2
2025-01-04 01:00:00,F4_R19,14,1,1.11,1,4,1,13.31,30.81,420.05,0.2
2025-01-04 02:00:00,F4_R19,14,1,1.11,2,4,1,13.18,32.14,420.15,0.2
2025-01-04 03:00:00,F4_R19,14,1,1.11,3,4,1,13.02,33.9,420.47,0.2
2025-01-04 04:00:00,F4_R19,14,1,1.11,4,4,1,13.11,34.8,421.38,0.201
2025-01-04 05:00:00,F4_R19,14,1,1.11,5,4,1,13.73,37.08,424.17,0.202
2025-01-04 06:00:00,F4_R19,14,1,1.11,6,4,1,14.17,40.76,432.67,0.208
2025-01-04 07:00:00,F4_R19,14,1,1.11,7,4,1,15.14,43.52,455.57,0.228
2025-01-04 08:00:00,F4_R19,14,1,1.11,8,4,1,16.16,46.31,508.57,0.286
2025-01-04 09:00:00,F4_R19,14,1,1.11,9,4,1,17.68,50.23,601.33,0.415
2025-01-04 10:00:00,F4_R19,14,1,1.11,10,4,1,18.68,52.83,688.99,0.525
2025-01-04 11:00:00,F4_R19,14,1,1.11,11,4,1,20.87,55.33,742.29,0.584
2025-01-04 12:00:00,F4_R19,14,1,1.11,12,4,1,22.66,57.31,767.42,0.617
2025-01-04 13:00:00,F4_R19,14,1,1.11,13,4,1,23.05,56.79,762.35,0.578
2025-01-04 14:00:00,F4_R19,14,1,1.11,14,4,1,23.07,56.32,757.97,0.578
2025-01-04 15:00:00,F4_R19,14,1,1.11,15,4,1,22.96,55.28,741.86,0.582
2025-01-04 16:00:00,F4_R19,14,1,1.11,16,4,1,21.52,52.55,686.92,0.516
2025-01-04 17:00:00,F4_R19,14,1,1.11,17,4,1,20.07,50.11,600.76,0.413
2025-01-04 18:00:00,F4_R19,14,1,1.11,18,4,1,19.29,46.09,508.03,0.284
2025-01-04 19:00:00,F4_R19,14,1,1.11,19,4,1,17.41,42.43,454.51,0.225
2025-01-04 20:00:00,F4_R19,14,1,1.11,20,4,1,15.83,40.7,432.65,0.208
2025-01-04 21:00:00,F4_R19,14,1,1.11,21,4,1,14.88,37.08,424.17,0.202
2025-01-04 22:00:00,F4_R19,14,1,1.11,22,4,1,14.0,34.95,421.39,0.201
2025-01-04 23:00:00,F4_R19,14,1,1.11,23,4,1,13.82,32.42,420.45,0.2
2025-01-05 00:00:00,F4_R19,14,1,1.11,0,5,1,12.82,30.5,420.02,0.2
2025-01-05 01:00:00,F4_R19,14,1,1.11,1,5,1,13.31,30.81,420.05,0.2
2025-01-05 02:00:00,F4_R19,14,1,1.11,2,5,1,13.18,32.14,420.15,0.2
2025-01-05 03:00:00,F4_R19,14,1,1.11,3,5,1,13.02,33.9,420.47,0.2
2025-01-05 04:00:00,F4_R19,14,1,1.11,4,5,1,13.11,34.8,421.38,0.201
2025-01-05 05:00:00,F4_R19,14,1,1.11,5,5,1,13.73,37.08,424.17,0.202
2025-01-05 06:00:00,F4_R19,14,1,1.11,6,5,1,14.17,40.76,432.67,0.208
2025-01-05 07:00:00,F4_R19,14,1,1.11,7,5,1,15.14,43.52,455.57,0.228
2025-01-05 08:00:00,F4_R19,14,1,1.11,8,5,1,16.16,46.31,508.57,0.286
2025-01-05 09:00:00,F4_R19,14,1,1.11,9,5,1,17.68,50.23,601.33,0.415
2025-01-05 10:00:00,F4_R19,14,1,1.11,10,5,1,18.68,52.83,688.99,0.525
2025-01-05 11:00:00,F4_R19,14,1,1.11,11,5,1,20.87,55.33,742.29,0.584
2025-01-05 12:00:00,F4_R19,14,1,1.11,12,5,1,22.66,57.31,767.42,0.617
2025-01-05 13:00:00,F4_R19,14,1,1.11,13,5,1,23.05,56.79,762.35,0.578
2025-01-05 14:00:00,F4_R19,14,1,1.11,14,5,1,23.07,56.32,757.97,0.578
2025-01-05 15:00:00,F4_R19,14,1,1.11,15,5,1,22.96,55.28,741.86,0.582
2025-01-05 16:00:00,F4_R19,14,1,1.11,16,5,1,21.52,52.55,686.92,0.516
2025-01-05 17:00:00,F4_R19,14,1,1.11,17,5,1,20.07,50.11,600.76,0.413
2025-01-05 18:00:00,F4_R19,14,1,1.11,18,5,1,19.29,46.09,508.03,0.284
2025-01-05 19:00:00,F4_R19,14,1,1.11,19,5,1,17.41,42.43,454.51,0.225
2025-01-05 20:00:00,F4_R19,14,1,1.11,20,5,1,15.83,40.7,432.65,0.208
2025-01-05 21:00:00,F4_R19,14,1,1.11,21,5,1,14.88,37.08,424.17,0.202
2025-01-05 22:00:00,F4_R19,14,1,1.11,22,5,1,14.0,34.95,421.39,0.201
2025-01-05 23:00:00,F4_R19,14,1,1.11,23,5,1,13.82,32.42,420.45,0.2
2025-01-06 00:00:00,F4_R19,14,1,1.11,0,6,1,12.82,30.5,420.02,0.2
2025-01-06 01:00:00,F4_R19,14,1,1.11,1,6,1,13.31,30.81,420.05,0.2
2025-01-06 02:00:00,F4_R19,14,1,1.11,2,6,1,13.18,32.14,420.15,0.2
2025-01-06 03:00:00,F4_R19,14,1,1.11,3,6,1,13.02,33.9,420.47,0.2
2025-01-06 04:00:00,F4_R19,14,1,1.11,4,6,1,13.11,34.8,421.38,0.201
2025-01-06 05:00:00,F4_R19,14,1,1.11,5,6,1,13.73,37.08,424.17,0.205
2025-01-06 06:00:00,F4_R19,14,1,1.11,6,6,1,14.17,40.76,432.67,0.219
2025-01-06 07:00:00,F4_R19,14,1,1.11,7,6,1,15.14,43.52,455.57,0.267
2025-01-06 08:00:00,F4_R19,14,1,1.11,8,6,1,16.16,46.31,508.57,0.411
2025-01-06 09:00:00,F4_R19,14,1,1.11,9,6,1,17.68,50.23,601.33,0.715
2025-01-06 10:00:00,F4_R19,14,1,1.11,10,6,1,18.68,52.83,688.99,1.0
2025-01-06 11:00:00,F4_R19,14,1,1.11,11,6,1,20.87,55.33,742.29,1.145
2025-01-06 12:00:00,F4_R19,14,1,1.11,12,6,1,22.66,57.31,767.42,1.205
2025-01-06 13:00:00,F4_R19,14,1,1.11,13,6,1,23.05,56.79,762.35,1.172
2025-01-06 14:00:00,F4_R19,14,1,1.11,14,6,1,23.07,56.32,757.97,1.167
2025-01-06 15:00:00,F4_R19,14,1,1.11,15,6,1,22.96,55.28,741.86,1.143
2025-01-06 16:00:00,F4_R19,14,1,1.11,16,6,1,21.52,52.55,686.92,0.991
2025-01-06 17:00:00,F4_R19,14,1,1.11,17,6,1,20.07,50.11,600.76,0.713
2025-01-06 18:00:00,F4_R19,14,1,1.11,18,6,1,19.29,46.09,508.03,0.409
2025-01-06 19:00:00,F4_R19,14,1,1.11,19,6,1,17.41,42.43,454.51,0.264
2025-01-06 20:00:00,F4_R19,14,1,1.11,20,6,1,15.83,40.7,432.65,0.219
2025-01-06 21:00:00,F4_R19,14,1,1.11,21,6,1,14.88,37.08,424.17,0.205
2025-01-06 22:00:00,F4_R19,14,1,1.11,22,6,1,14.0,34.95,421.39,0.201
2025-01-06 23:00:00,F4_R19,14,1,1.11,23,6,1,13.82,32.42,420.45,0.2
2025-01-07 00:00:00,F4_R19,14,1,1.11,0,7,1,12.82,30.5,420.02,0.2
2025-01-07 01:00:00,F4_R19,14,1,1.11,1,7,1,13.31,30.81,420.05,0.2
2025-01-07 02:00:00,F4_R19,14,1,1.11,2,7,1,13.18,32.14,420.15,0.2
2025-01-07 03:00:00,F4_R19,14,1,1.11,3,7,1,13.02,33.9,420.47,0.2
2025-01-07 04:00:00,F4_R19,14,1,1.11,4,7,1,13.11,34.8,421.38,0.201
2025-01-07 05:00:00,F4_R19,14,1,1.11,5,7,1,13.73,37.08,424.17,0.205
2025-01-07 06:00:00,F4_R19,14,1,1.11,6,7,1,14.17,40.76,432.67,0.219
2025-01-07 07:00:00,F4_R19,14,1,1.11,7,7,1,15.14,43.52,455.57,0.267
2025-01-07 08:00:00,F4_R19,14,1,1.11,8,7,1,16.16,46.31,508.57,0.411
2025-01-07 09:00:00,F4_R19,14,1,1.11,9,7,1,17.68,50.23,601.33,0.715
2025-01-07 10:00:00,F4_R19,14,1,1.11,10,7,1,18.68,52.83,688.99,1.0
2025-01-07 11:00:00,F4_R19,14,1,1.11,11,7,1,20.87,55.33,742.29,1.145
2025-01-07 12:00:00,F4_R19,14,1,1.11,12,7,1,22.66,57.31,767.42,1.205
2025-01-07 13:00:00,F4_R19,14,1,1.11,13,7,1,23.05,56.79,762.35,1.172
2025-01-07 14:00:00,F4_R19,14,1,1.11,14,7,1,23.07,56.32,757.97,1.167
2025-01-07 15:00:00,F4_R19,14,1,1.11,15,7,1,22.96,55.28,741.86,1.143
2025-01-07 16:00:00,F4_R19,14,1,1.11,16,7,1,21.52,52.55,686.92,0.991
2025-01-07 17:00:00,F4_R19,14,1,1.11,17,7,1,20.07,50.11,600.76,0.713
2025-01-07 18:00:00,F4_R19,14,1,1.11,18,7,1,19.29,46.09,508.03,0.409
2025-01-07 19:00:00,F4_R19,14,1,1.11,19,7,1,17.41,42.43,454.51,0.264
2025-01-07 20:00:00,F4_R19,14,1,1.11,20,7,1,15.83,40.7,432.65,0.219
2025-01-07 21:00:00,F4_R19,14,1,1.11,21,7,1,14.88,37.08,424.17,0.205
2025-01-07 22:00:00,F4_R19,14,1,1.11,22,7,1,14.0,34.95,421.39,0.201
2025-01-07 23:00:00,F4_R19,14,1,1.11,23,7,1,13.82,32.42,420.45,0.2
2025-01-08 00:00:00,F4_R19,14,1,1.11,0,8,1,12.82,30.5,420.02,0.2
2025-01-08 01:00:00,F4_R19,14,1,1.11,1,8,1,13.31,30.81,420.05,0.2
2025-01-08 02:00:00,F4_R19,14,1,1.11,2,8,1,13.18,32.14,420.15,0.2
2025-01-08 03:00:00,F4_R19,14,1,1.11,3,8,1,13.02,33.9,420.47,0.2
2025-01-08 04:00:00,F4_R19,14,1,1.11,4,8,1,13.11,34.8,421.38,0.201
2025-01-08 05:00:00,F4_R19,14,1,1.11,5,8,1,13.73,37.08,424.17,0.202
2025-01-08 06:00:00,F4_R19,14,1,1.11,6,8,1,14.17,40.76,432.67,0.208
2025-01-08 07:00:00,F4_R19,14,1,1.11,7,8,1,15.14,43.52,455.57,0.228
2025-01-08 08:00:00,F4_R19,14,1,1.11,8,8,1,16.16,46.31,508.57,0.286
2025-01-08 09:00:00,F4_R19,14,1,1.11,9,8,1,17.68,50.23,601.33,0.415
2025-01-08 10:00:00,F4_R19,14,1,1.11,10,8,1,18.68,52.83,688.99,0.525
2025-01-08 11:00:00,F4_R19,14,1,1.11,11,8,1,20.87,55.33,742.29,0.584
2025-01-08 12:00:00,F4_R19,14,1,1.11,12,8,1,22.66,57.31,767.42,0.617
2025-01-08 13:00:00,F4_R19,14,1,1.11,13,8,1,23.05,56.79,762.35,0.578
2025-01-08 14:00:00,F4_R19,14,1,1.11,14,8,1,23.07,56.32,757.97,0.578
2025-01-08 15:00:00,F4_R19,14,1,1.11,15,8,1,22.96,55.28,741.86,0.582
2025-01-08 16:00:00,F4_R19,14,1,1.11,16,8,1,21.52,52.55,686.92,0.516
2025-01-08 17:00:00,F4_R19,14,1,1.11,17,8,1,20.07,50.11,600.76,0.413
2025-01-08 18:00:00,F4_R19,14,1,1.11,18,8,1,19.29,46.09,508.03,0.284
2025-01-08 19:00:00,F4_R19,14,1,1.11,19,8,1,17.41,42.43,454.51,0.225
2025-01-08 20:00:00,F4_R19,14,1,1.11,20,8,1,15.83,40.7,432.65,0.208
2025-01-08 21:00:00,F4_R19,14,1,1.11,21,8,1,14.88,37.08,424.17,0.202
2025-01-08 22:00:00,F4_R19,14,1,1.11,22,8,1,14.0,34.95,421.39,0.201
2025-01-08 23:00:00,F4_R19,14,1,1.11,23,8,1,13.82,32.42,420.45,0.2
2025-01-09 00:00:00,F4_R19,14,1,1.11,0,9,1,12.82,30.5,420.02,0.2
2025-01-09 01:00:00,F4_R19,14,1,1.11,1,9,1,13.31,30.81,420.05,0.2
2025-01-09 02:00:00,F4_R19,14,1,1.11,2,9,1,13.18,32.14,420.15,0.2
2025-01-09 03:00:00,F4_R19,14,1,1.11,3,9,1,13.02,33.9,420.47,0.2
2025-01-09 04:00:00,F4_R19,14,1,1.11,4,9,1,13.11,34.8,421.38,0.201
2025-01-09 05:00:00,F4_R19,14,1,1.11,5,9,1,13.73,37.08,424.17,0.202
2025-01-09 06:00:00,F4_R19,14,1,1.11,6,9,1,14.17,40.76,432.67,0.208
2025-01-09 07:00:00,F4_R19,14,1,1.11,7,9,1,15.14,43.52,455.57,0.228
2025-01-09 08:00:00,F4_R19,14,1,1.11,8,9,1,16.16,46.31,508.57,0.286
2025-01-09 09:00:00,F4_R19,14,1,1.11,9,9,1,17.68,50.23,601.33,0.415
2025-01-09 10:00:00,F4_R19,14,1,1.11,10,9,1,18.68,52.83,688.99,0.525
2025-01-09 11:00:00,F4_R19,14,1,1.11,11,9,1,20.87,55.33,742.29,0.584
2025-01-09 12:00:00,F4_R19,14,1,1.11,12,9,1,22.66,57.31,767.42,0.617
2025-01-09 13:00:00,F4_R19,14,1,1.11,13,9,1,23.05,56.79,762.35,0.578
2025-01-09 14:00:00,F4_R19,14,1,1.11,14,9,1,23.07,56.32,757.97,0.578
2025-01-09 15:00:00,F4_R19,14,1,1.11,15,9,1,22.96,55.28,741.86,0.582
2025-01-09 16:00:00,F4_R19,14,1,1.11,16,9,1,21.52,52.55,686.92,0.516
2025-01-09 17:00:00,F4_R19,14,1,1.11,17,9,1,20.07,50.11,600.76,0.413
2025-01-09 18:00:00,F4_R19,14,1,1.11,18,9,1,19.29,46.09,508.03,0.284
2025-01-09 19:00:00,F4_R19,14,1,1.11,19,9,1,17.41,42.43,454.51,0.225
2025-01-09 20:00:00,F4_R19,14,1,1.11,20,9,1,15.83,40.7,432.65,0.208
2025-01-09 21:00:00,F4_R19,14,1,1.11,21,9,1,14.88,37.08,424.17,0.202
2025-01-09 22:00:00,F4_R19,14,1,1.11,22,9,1,14.0,34.95,421.39,0.201
2025-01-09 23:00:00,F4_R19,14,1,1.11,23,9,1,13.82,32.42,420.45,0.2
2025-01-10 00:00:00,F4_R19,14,1,1.11,0,10,1,12.82,30.5,420.02,0.2
2025-01-10 01:00:00,F4_R19,14,1,1.11,1,10,1,13.31,30.81,420.05,0.2
2025-01-10 02:00:00,F4_R19,14,1,1.11,2,10,1,13.18,32.14,420.15,0.2
2025-01-10 03:00:00,F4_R19,14,1,1.11,3,10,1,13.02,33.9,420.47,0.2
2025-01-10 04:00:00,F4_R19,14,1,1.11,4,10,1,13.11,34.8,421.38,0.201
2025-01-10 05:00:00,F4_R19,14,1,1.11,5,10,1,13.73,37.08,424.17,0.202
2025-01-10 06:00:00,F4_R19,14,1,1.11,6,10,1,14.17,40.76,432.67,0.208
2025-01-10 07:00:00,F4_R19,14,1,1.11,7,10,1,15.14,43.52,455.57,0.228
2025-01-10 08:00:00,F4_R19,14,1,1.11,8,10,1,16.16,46.31,508.57,0.286
2025-01-10 09:00:00,F4_R19,14,1,1.11,9,10,1,17.68,50.23,601.33,0.415
2025-01-10 10:00:00,F4_R19,14,1,1.11,10,10,1,18.68,52.83,688.99,0.525
2025-01-10 11:00:00,F4_R19,14,1,1.11,11,10,1,20.87,55.33,742.29,0.584
2025-01-10 12:00:00,F4_R19,14,1,1.11,12,10,1,22.66,57.31,767.42,0.617
2025-01-10 13:00:00,F4_R19,14,1,1.11,13,10,1,23.05,56.79,762.35,0.578
2025-01-10 14:00:00,F4_R19,14,1,1.11,14,10,1,23.07,56.32,757.97,0.578
2025-01-10 15:00:00,F4_R19,14,1,1.11,15,10,1,22.96,55.28,741.86,0.582
2025-01-10 16:00:00,F4_R19,14,1,1.11,16,10,1,21.52,52.55,686.92,0.516
2025-01-10 17:00:00,F4_R19,14,1,1.11,17,10,1,20.07,50.11,600.76,0.413
2025-01-10 18:00:00,F4_R19,14,1,1.11,18,10,1,19.29,46.09,508.03,0.284
2025-01-10 19:00:00,F4_R19,14,1,1.11,19,10,1,17.41,42.43,454.51,0.225
2025-01-10 20:00:00,F4_R19,14,1,1.11,20,10,1,15.83,40.7,432.65,0.208
2025-01-10 21:00:00,F4_R19,14,1,1.11,21,10,1,14.88,37.08,424.17,0.202
2025-01-10 22:00:00,F4_R19,14,1,1.11,22,10,1,14.0,34.95,421.39,0.201
2025-01-10 23:00:00,F4_R19,14,1,1.11,23,10,1,13.82,32.42,420.45,0.2
2025-01-11 00:00:00,F4_R19,14,1,1.11,0,11,1,12.82,30.5,420.02,0.2
2025-01-11 01:00:00,F4_R19,14,1,1.11,1,11,1,13.31,30.81,420.05,0.2
2025-01-11 02:00:00,F4_R19,14,1,1.11,2,11,1,13.18,32.14,420.15,0.2
2025-01-11 03:00:00,F4_R19,14,1,1.11,3,11,1,13.02,33.9,420.47,0.2
2025-01-11 04:00:00,F4_R19,14,1,1.11,4,11,1,13.11,34.8,421.38,0.201
2025-01-11 05:00:00,F4_R19,14,1,1.11,5,11,1,13.73,37.08,424.17,0.202
2025-01-11 06:00:00,F4_R19,14,1,1.11,6,11,1,14.17,40.76,432.67,0.208
2025-01-11 07:00:00,F4_R19,14,1,1.11,7,11,1,15.14,43.52,455.57,0.228
2025-01-11 08:00:00,F4_R19,14,1,1.11,8,11,1,16.16,46.31,508.57,0.286
2025-01-11 09:00:00,F4_R19,14,1,1.11,9,11,1,17.68,50.23,601.33,0.415
2025-01-11 10:00:00,F4_R19,14,1,1.11,10,11,1,18.68,52.83,688.99,0.525
2025-01-11 11:00:00,F4_R19,14,1,1.11,11,11,1,20.87,55.33,742.29,0.584
2025-01-11 12:00:00,F4_R19,14,1,1.11,12,11,1,22.66,57.31,767.42,0.617
2025-01-11 13:00:00,F4_R19,14,1,1.11,13,11,1,23.05,56.79,762.35,0.578
2025-01-11 14:00:00,F4_R19,14,1,1.11,14,11,1,23.07,56.32,757.97,0.578
2025-01-11 15:00:00,F4_R19,14,1,1.11,15,11,1,22.96,55.28,741.86,0.582
2025-01-11 16:00:00,F4_R19,14,1,1.11,16,11,1,21.52,52.55,686.92,0.516
2025-01-11 17:00:00,F4_R19,14,1,1.11,17,11,1,20.07,50.11,600.76,0.413
2025-01-11 18:00:00,F4_R19,14,1,1.11,18,11,1,19.29,46.09,508.03,0.284
2025-01-11 19:00:00,F4_R19,14,1,1.11,19,11,1,17.41,42.43,454.51,0.225
2025-01-11 20:00:00,F4_R19,14,1,1.11,20,11,1,15.83,40.7,432.65,0.208
2025-01-11 21:00:00,F4_R19,14,1,1.11,21,11,1,14.88,37.08,424.17,0.202
2025-01-11 22:00:00,F4_R19,14,1,1.11,22,11,1,14.0,34.95,421.39,0.201
2025-01-11 23:00:00,F4_R19,14,1,1.11,23,11,1,13.82,32.42,420.45,0.2
2025-01-12 00:00:00,F4_R19,14,1,1.11,0,12,1,12.82,30.5,420.02,0.2
2025-01-12 01:00:00,F4_R19,14,1,1.11,1,12,1,13.31,30.81,420.05,0.2
2025-01-12 02:00:00,F4_R19,14,1,1.11,2,12,1,13.18,32.14,420.15,0.2
2025-01-12 03:00:00,F4_R19,14,1,1.11,3,12,1,13.02,33.9,420.47,0.2
2025-01-12 04:00:00,F4_R19,14,1,1.11,4,12,1,13.11,34.8,421.38,0.201
2025-01-12 05:00:00,F4_R19,14,1,1.11,5,12,1,13.73,37.08,424.17,0.202
2025-01-12 06:00:00,F4_R19,14,1,1.11,6,12,1,14.17,40.76,432.67,0.208
2025-01-12 07:00:00,F4_R19,14,1,1.11,7,12,1,15.14,43.52,455.57,0.228
2025-01-12 08:00:00,F4_R19,14,1,1.11,8,12,1,16.16,46.31,508.57,0.286
2025-01-12 09:00:00,F4_R19,14,1,1.11,9,12,1,17.68,50.23,601.33,0.415
2025-01-12 10:00:00,F4_R19,14,1,1.11,10,12,1,18.68,52.83,688.99,0.525
2025-01-12 11:00:00,F4_R19,14,1,1.11,11,12,1,20.87,55.33,742.29,0.584
2025-01-12 12:00:00,F4_R19,14,1,1.11,12,12,1,22.66,57.31,767.42,0.617
2025-01-12 13:00:00,F4_R19,14,1,1.11,13,12,1,23.05,56.79,762.35,0.578
2025-01-12 14:00:00,F4_R19,14,1,1.11,14,12,1,23.07,56.32,757.97,0.578
2025-01-12 15:00:00,F4_R19,14,1,1.11,15,12,1,22.96,55.28,741.86,0.582
2025-01-12 16:00:00,F4_R19,14,1,1.11,16,12,1,21.52,52.55,686.92,0.516
2025-01-12 17:00:00,F4_R19,14,1,1.11,17,12,1,20.07,50.11,600.76,0.413
2025-01-12 18:00:00,F4_R19,14,1,1.11,18,12,1,19.29,46.09,508.03,0.284
2025-01-12 19:00:00,F4_R19,14,1,1.11,19,12,1,17.41,42.43,454.51,0.225
2025-01-12 20:00:00,F4_R19,14,1,1.11,20,12,1,15.83,40.7,432.65,0.208
2025-01-12 21:00:00,F4_R19,14,1,1.11,21,12,1,14.88,37.08,424.17,0.202
2025-01-12 22:00:00,F4_R19,14,1,1.11,22,12,1,14.0,34.95,421.39,0.201
2025-01-12 23:00:00,F4_R19,14,1,1.11,23,12,1,13.82,32.42,420.45,0.2
2025-01-13 00:00:00,F4_R19,14,1,1.11,0,13,1,12.82,30.5,420.02,0.2
2025-01-13 01:00:00,F4_R19,14,1,1.11,1,13,1,13.31,30.81,420.05,0.2
2025-01-13 02:00:00,F4_R19,14,1,1.11,2,13,1,13.18,32.14,420.15,0.2
2025-01-13 03:00:00,F4_R19,14,1,1.11,3,13,1,13.02,33.9,420.47,0.2
2025-01-13 04:00:00,F4_R19,14,1,1.11,4,13,1,13.11,34.8,421.38,0.201
2025-01-13 05:00:00,F4_R19,14,1,1.11,5,13,1,13.73,37.08,424.17,0.205
2025-01-13 06:00:00,F4_R19,14,1,1.11,6,13,1,14.17,40.76,432.67,0.219
2025-01-13 07:00:00,F4_R19,14,1,1.11,7,13,1,15.14,43.52,455.57,0.267
2025-01-13 08:00:00,F4_R19,14,1,1.11,8,13,1,16.16,46.31,508.57,0.411
2025-01-13 09:00:00,F4_R19,14,1,1.11,9,13,1,17.68,50.23,601.33,0.715
2025-01-13 10:00:00,F4_R19,14,1,1.11,10,13,1,18.68,52.83,688.99,1.0
2025-01-13 11:00:00,F4_R19,14,1,1.11,11,13,1,20.87,55.33,742.29,1.145
2025-01-13 12:00:00,F4_R19,14,1,1.11,12,13,1,22.66,57.31,767.42,1.205
2025-01-13 13:00:00,F4_R19,14,1,1.11,13,13,1,23.05,56.79,762.35,1.172
2025-01-13 14:00:00,F4_R19,14,1,1.11,14,13,1,23.07,56.32,757.97,1.167
2025-01-13 15:00:00,F4_R19,14,1,1.11,15,13,1,22.96,55.28,741.86,1.143
2025-01-13 16:00:00,F4_R19,14,1,1.11,16,13,1,21.52,52.55,686.92,0.991
2025-01-13 17:00:00,F4_R19,14,1,1.11,17,13,1,20.07,50.11,600.76,0.713
2025-01-13 18:00:00,F4_R19,14,1,1.11,18,13,1,19.29,46.09,508.03,0.409
2025-01-13 19:00:00,F4_R19,14,1,1.11,19,13,1,17.41,42.43,454.51,0.264
2025-01-13 20:00:00,F4_R19,14,1,1.11,20,13,1,15.83,40.7,432.65,0.219
2025-01-13 21:00:00,F4_R19,14,1,1.11,21,13,1,14.88,37.08,424.17,0.205
2025-01-13 22:00:00,F4_R19,14,1,1.11,22,13,1,14.0,34.95,421.39,0.201
2025-01-13 23:00:00,F4_R19,14,1,1.11,23,13,1,13.82,32.42,420.45,0.2
2025-01-14 00:00:00,F4_R19,14,1,1.11,0,14,1,12.82,30.5,420.02,0.2
2025-01-14 01:00:00,F4_R19,14,1,1.11,1,14,1,13.31,30.81,420.05,0.2
2025-01-14 02:00:00,F4_R19,14,1,1.11,2,14,1,13.18,32.14,420.15,0.2
2025-01-14 03:00:00,F4_R19,14,1,1.11,3,14,1,13.02,33.9,420.47,0.2
2025-01-14 04:00:00,F4_R19,14,1,1.11,4,14,1,13.11,34.8,421.38,0.201
2025-01-14 05:00:00,F4_R19,14,1,1.11,5,14,1,13.73,37.08,424.17,0.205
2025-01-14 06:00:00,F4_R19,14,1,1.11,6,14,1,14.17,40.76,432.67,0.219
2025-01-14 07:00:00,F4_R19,14,1,1.11,7,14,1,15.14,43.52,455.57,0.267
2025-01-14 08:00:00,F4_R19,14,1,1.11,8,14,1,16.16,46.31,508.57,0.411
2025-01-14 09:00:00,F4_R19,14,1,1.11,9,14,1,17.68,50.23,601.33,0.715
2025-01-14 10:00:00,F4_R19,14,1,1.11,10,14,1,18.68,52.83,688.99,1.0
2025-01-14 11:00:00,F4_R19,14,1,1.11,11,14,1,20.87,55.33,742.29,1.145
2025-01-14 12:00:00,F4_R19,14,1,1.11,12,14,1,22.66,57.31,767.42,1.205
2025-01-14 13:00:00,F4_R19,14,1,1.11,13,14,1,23.05,56.79,762.35,1.172
2025-01-14 14:00:00,F4_R19,14,1,1.11,14,14,1,23.07,56.32,757.97,1.167
2025-01-14 15:00:00,F4_R19,14,1,1.11,15,14,1,22.96,55.28,741.86,1.143
2025-01-14 16:00:00,F4_R19,14,1,1.11,16,14,1,21.52,52.55,686.92,0.991
2025-01-14 17:00:00,F4_R19,14,1,1.11,17,14,1,20.07,50.11,600.76,0.713
2025-01-14 18:00:00,F4_R19,14,1,1.11,18,14,1,19.29,46.09,508.03,0.409
2025-01-14 19:00:00,F4_R19,14,1,1.11,19,14,1,17.41,42.43,454.51,0.264
2025-01-14 20:00:00,F4_R19,14,1,1.11,20,14,1,15.83,40.7,432.65,0.219
2025-01-14 21:00:00,F4_R19,14,1,1.11,21,14,1,14.88,37.08,424.17,0.205
2025-01-14 22:00:00,F4_R19,14,1,1.11,22,14,1,14.0,34.95,421.39,0.201
2025-01-14 23:00:00,F4_R19,14,1,1.11,23,14,1,13.82,32.42,420.45,0.2
2025-01-15 00:00:00,F4_R19,14,1,1.11,0,15,1,12.82,30.5,420.02,0.2
2025-01-15 01:00:00,F4_R19,14,1,1.11,1,15,1,13.31,30.81,420.05,0.2
2025-01-15 02:00:00,F4_R19,14,1,1.11,2,15,1,13.18,32.14,420.15,0.2
2025-01-15 03:00:00,F4_R19,14,1,1.11,3,15,1,13.02,33.9,420.47,0.2
2025-01-15 04:00:00,F4_R19,14,1,1.11,4,15,1,13.11,34.8,421.38,0.201
2025-01-15 05:00:00,F4_R19,14,1,1.11,5,15,1,13.73,37.08,424.17,0.202
2025-01-15 06:00:00,F4_R19,14,1,1.11,6,15,1,14.17,40.76,432.67,0.208
2025-01-15 07:00:00,F4_R19,14,1,1.11,7,15,1,15.14,43.52,455.57,0.228
2025-01-15 08:00:00,F4_R19,14,1,1.11,8,15,1,16.16,46.31,508.57,0.286
2025-01-15 09:00:00,F4_R19,14,1,1.11,9,15,1,17.68,50.23,601.33,0.415
2025-01-15 10:00:00,F4_R19,14,1,1.11,10,15,1,18.68,52.83,688.99,0.525
2025-01-15 11:00:00,F4_R19,14,1,1.11,11,15,1,20.87,55.33,742.29,0.584
2025-01-15 12:00:00,F4_R19,14,1,1.11,12,15,1,22.66,57.31,767.42,0.617
2025-01-15 13:00:00,F4_R19,14,1,1.11,13,15,1,23.05,56.79,762.35,0.578
2025-01-15 14:00:00,F4_R19,14,1,1.11,14,15,1,23.07,56.32,757.97,0.578
2025-01-15 15:00:00,F4_R19,14,1,1.11,15,15,1,22.96,55.28,741.86,0.582
2025-01-15 16:00:00,F4_R19,14,1,1.11,16,15,1,21.52,52.55,686.92,0.516
2025-01-15 17:00:00,F4_R19,14,1,1.11,17,15,1,20.07,50.11,600.76,0.413
2025-01-15 18:00:00,F4_R19,14,1,1.11,18,15,1,19.29,46.09,508.03,0.284
2025-01-15 19:00:00,F4_R19,14,1,1.11,19,15,1,17.41,42.43,454.51,0.225
2025-01-15 20:00:00,F4_R19,14,1,1.11,20,15,1,15.83,40.7,432.65,0.208
2025-01-15 21:00:00,F4_R19,14,1,1.11,21,15,1,14.88,37.08,424.17,0.202
2025-01-15 22:00:00,F4_R19,14,1,1.11,22,15,1,14.0,34.95,421.39,0.201
2025-01-15 23:00:00,F4_R19,14,1,1.11,23,15,1,13.82,32.42,420.45,0.2
2025-01-16 00:00:00,F4_R19,14,1,1.11,0,16,1,12.82,30.5,420.02,0.2
2025-01-16 01:00:00,F4_R19,14,1,1.11,1,16,1,13.31,30.81,420.05,0.2
2025-01-16 02:00:00,F4_R19,14,1,1.11,2,16,1,13.18,32.14,420.15,0.2
2025-01-16 03:00:00,F4_R19,14,1,1.11,3,16,1,13.02,33.9,420.47,0.2
2025-01-16 04:00:00,F4_R19,14,1,1.11,4,16,1,13.11,34.8,421.38,0.201
2025-01-16 05:00:00,F4_R19,14,1,1.11,5,16,1,13.73,37.08,424.17,0.202
2025-01-16 06:00:00,F4_R19,14,1,1.11,6,16,1,14.17,40.76,432.67,0.208
2025-01-16 07:00:00,F4_R19,14,1,1.11,7,16,1,15.14,43.52,455.57,0.228
2025-01-16 08:00:00,F4_R19,14,1,1.11,8,16,1,16.16,46.31,508.57,0.286
2025-01-16 09:00:00,F4_R19,14,1,1.11,9,16,1,17.68,50.23,601.33,0.415
2025-01-16 10:00:00,F4_R19,14,1,1.11,10,16,1,18.68,52.83,688.99,0.525
2025-01-16 11:00:00,F4_R19,14,1,1.11,11,16,1,20.87,55.33,742.29,0.584
2025-01-16 12:00:00,F4_R19,14,1,1.11,12,16,1,22.66,57.31,767.42,0.617
2025-01-16 13:00:00,F4_R19,14,1,1.11,13,16,1,23.05,56.79,762.35,0.578
2025-01-16 14:00:00,F4_R19,14,1,1.11,14,16,1,23.07,56.32,757.97,0.578
2025-01-16 15:00:00,F4_R19,14,1,1.11,15,16,1,22.96,55.28,741.86,0.582
2025-01-16 16:00:00,F4_R19,14,1,1.11,16,16,1,21.52,52.55,686.92,0.516
2025-01-16 17:00:00,F4_R19,14,1,1.11,17,16,1,20.07,50.11,600.76,0.413
2025-01-16 18:00:00,F4_R19,14,1,1.11,18,16,1,19.29,46.09,508.03,0.284
2025-01-16 19:00:00,F4_R19,14,1,1.11,19,16,1,17.41,42.43,454.51,0.225
2025-01-16 20:00:00,F4_R19,14,1,1.11,20,16,1,15.83,40.7,432.65,0.208
2025-01-16 21:00:00,F4_R19,14,1,1.11,21,16,1,14.88,37.08,424.17,0.202
2025-01-16 22:00:00,F4_R19,14,1,1.11,22,16,1,14.0,34.95,421.39,0.201
2025-01-16 23:00:00,F4_R19,14,1,1.11,23,16,1,13.82,32.42,420.45,0.2
2025-01-17 00:00:00,F4_R19,14,1,1.11,0,17,1,12.82,30.5,420.02,0.2
2025-01-17 01:00:00,F4_R19,14,1,1.11,1,17,1,13.31,30.81,420.05,0.2
2025-01-17 02:00:00,F4_R19,14,1,1.11,2,17,1,13.18,32.14,420.15,0.2
2025-01-17 03:00:00,F4_R19,14,1,1.11,3,17,1,13.02,33.9,420.47,0.2
2025-01-17 04:00:00,F4_R19,14,1,1.11,4,17,1,13.11,34.8,421.38,0.201
2025-01-17 05:00:00,F4_R19,14,1,1.11,5,17,1,13.73,37.08,424.17,0.202
2025-01-17 06:00:00,F4_R19,14,1,1.11,6,17,1,14.17,40.76,432.67,0.208
2025-01-17 07:00:00,F4_R19,14,1,1.11,7,17,1,15.14,43.52,455.57,0.228
2025-01-17 08:00:00,F4_R19,14,1,1.11,8,17,1,16.16,46.31,508.57,0.286
2025-01-17 09:00:00,F4_R19,14,1,1.11,9,17,1,17.68,50.23,601.33,0.415
2025-01-17 10:00:00,F4_R19,14,1,1.11,10,17,1,18.68,52.83,688.99,0.525
2025-01-17 11:00:00,F4_R19,14,1,1.11,11,17,1,20.87,55.33,742.29,0.584
2025-01-17 12:00:00,F4_R19,14,1,1.11,12,17,1,22.66,57.31,767.42,0.617
2025-01-17 13:00:00,F4_R19,14,1,1.11,13,17,1,23.05,56.79,762.35,0.578
2025-01-17 14:00:00,F4_R19,14,1,1.11,14,17,1,23.07,56.32,757.97,0.578
2025-01-17 15:00:00,F4_R19,14,1,1.11,15,17,1,22.96,55.28,741.86,0.582
2025-01-17 16:00:00,F4_R19,14,1,1.11,16,17,1,21.52,52.55,686.92,0.516
2025-01-17 17:00:00,F4_R19,14,1,1.11,17,17,1,20.07,50.11,600.76,0.413
2025-01-17 18:00:00,F4_R19,14,1,1.11,18,17,1,19.29,46.09,508.03,0.284
2025-01-17 19:00:00,F4_R19,14,1,1.11,19,17,1,17.41,42.43,454.51,0.225
2025-01-17 20:00:00,F4_R19,14,1,1.11,20,17,1,15.83,40.7,432.65,0.208
2025-01-17 21:00:00,F4_R19,14,1,1.11,21,17,1,14.88,37.08,424.17,0.202
2025-01-17 22:00:00,F4_R19,14,1,1.11,22,17,1,14.0,34.95,421.39,0.201
2025-01-17 23:00:00,F4_R19,14,1,1.11,23,17,1,13.82,32.42,420.45,0.2
2025-01-18 00:00:00,F4_R19,14,1,1.11,0,18,1,12.82,30.5,420.02,0.2
2025-01-18 01:00:00,F4_R19,14,1,1.11,1,18,1,13.31,30.81,420.05,0.2
2025-01-18 02:00:00,F4_R19,14,1,1.11,2,18,1,13.18,32.14,420.15,0.2
2025-01-18 03:00:00,F4_R19,14,1,1.11,3,18,1,13.02,33.9,420.47,0.2
2025-01-18 04:00:00,F4_R19,14,1,1.11,4,18,1,13.11,34.8,421.38,0.201
2025-01-18 05:00:00,F4_R19,14,1,1.11,5,18,1,13.73,37.08,424.17,0.202
2025-01-18 06:00:00,F4_R19,14,1,1.11,6,18,1,14.17,40.76,432.67,0.208
2025-01-18 07:00:00,F4_R19,14,1,1.11,7,18,1,15.14,43.52,455.57,0.228
2025-01-18 08:00:00,F4_R19,14,1,1.11,8,18,1,16.16,46.31,508.57,0.286
2025-01-18 09:00:00,F4_R19,14,1,1.11,9,18,1,17.68,50.23,601.33,0.415
2025-01-18 10:00:00,F4_R19,14,1,1.11,10,18,1,18.68,52.83,688.99,0.525
2025-01-18 11:00:00,F4_R19,14,1,1.11,11,18,1,20.87,55.33,742.29,0.584
2025-01-18 12:00:00,F4_R19,14,1,1.11,12,18,1,22.66,57.31,767.42,0.617
2025-01-18 13:00:00,F4_R19,14,1,1.11,13,18,1,23.05,56.79,762.35,0.578
2025-01-18 14:00:00,F4_R19,14,1,1.11,14,18,1,23.07,56.32,757.97,0.578
2025-01-18 15:00:00,F4_R19,14,1,1.11,15,18,1,22.96,55.28,741.86,0.582
2025-01-18 16:00:00,F4_R19,14,1,1.11,16,18,1,21.52,52.55,686.92,0.516
2025-01-18 17:00:00,F4_R19,14,1,1.11,17,18,1,20.07,50.11,600.76,0.413
2025-01-18 18:00:00,F4_R19,14,1,1.11,18,18,1,19.29,46.09,508.03,0.284
2025-01-18 19:00:00,F4_R19,14,1,1.11,19,18,1,17.41,42.43,454.51,0.225
2025-01-18 20:00:00,F4_R19,14,1,1.11,20,18,1,15.83,40.7,432.65,0.208
2025-01-18 21:00:00,F4_R19,14,1,1.11,21,18,1,14.88,37.08,424.17,0.202
2025-01-18 22:00:00,F4_R19,14,1,1.11,22,18,1,14.0,34.95,421.39,0.201
2025-01-18 23:00:00,F4_R19,14,1,1.11,23,18,1,13.82,32.42,420.45,0.2
2025-01-19 00:00:00,F4_R19,14,1,1.11,0,19,1,12.82,30.5,420.02,0.2
2025-01-19 01:00:00,F4_R19,14,1,1.11,1,19,1,13.31,30.81,420.05,0.2
2025-01-19 02:00:00,F4_R19,14,1,1.11,2,19,1,13.18,32.14,420.15,0.2
2025-01-19 03:00:00,F4_R19,14,1,1.11,3,19,1,13.02,33.9,420.47,0.2
2025-01-19 04:00:00,F4_R19,14,1,1.11,4,19,1,13.11,34.8,421.38,0.201
2025-01-19 05:00:00,F4_R19,14,1,1.11,5,19,1,13.73,37.08,424.17,0.202
2025-01-19 06:00:00,F4_R19,14,1,1.11,6,19,1,14.17,40.76,432.67,0.208
2025-01-19 07:00:00,F4_R19,14,1,1.11,7,19,1,15.14,43.52,455.57,0.228
2025-01-19 08:00:00,F4_R19,14,1,1.11,8,19,1,16.16,46.31,508.57,0.286
2025-01-19 09:00:00,F4_R19,14,1,1.11,9,19,1,17.68,50.23,601.33,0.415
2025-01-19 10:00:00,F4_R19,14,1,1.11,10,19,1,18.68,52.83,688.99,0.525
2025-01-19 11:00:00,F4_R19,14,1,1.11,11,19,1,20.87,55.33,742.29,0.584
2025-01-19 12:00:00,F4_R19,14,1,1.11,12,19,1,22.66,57.31,767.42,0.617
2025-01-19 13:00:00,F4_R19,14,1,1.11,13,19,1,23.05,56.79,762.35,0.578
2025-01-19 14:00:00,F4_R19,14,1,1.11,14,19,1,23.07,56.32,757.97,0.578
2025-01-19 15:00:00,F4_R19,14,1,1.11,15,19,1,22.96,55.28,741.86,0.582
2025-01-19 16:00:00,F4_R19,14,1,1.11,16,19,1,21.52,52.55,686.92,0.516
2025-01-19 17:00:00,F4_R19,14,1,1.11,17,19,1,20.07,50.11,600.76,0.413
2025-01-19 18:00:00,F4_R19,14,1,1.11,18,19,1,19.29,46.09,508.03,0.284
2025-01-19 19:00:00,F4_R19,14,1,1.11,19,19,1,17.41,42.43,454.51,0.225
2025-01-19 20:00:00,F4_R19,14,1,1.11,20,19,1,15.83,40.7,432.65,0.208
2025-01-19 21:00:00,F4_R19,14,1,1.11,21,19,1,14.88,37.08,424.17,0.202
2025-01-19 22:00:00,F4_R19,14,1,1.11,22,19,1,14.0,34.95,421.39,0.201
2025-01-19 23:00:00,F4_R19,14,1,1.11,23,19,1,13.82,32.42,420.45,0.2
2025-01-20 00:00:00,F4_R19,14,1,1.11,0,20,1,12.82,30.5,420.02,0.2
2025-01-20 01:00:00,F4_R19,14,1,1.11,1,20,1,13.31,30.81,420.05,0.2
2025-01-20 02:00:00,F4_R19,14,1,1.11,2,20,1,13.18,32.14,420.15,0.2
2025-01-20 03:00:00,F4_R19,14,1,1.11,3,20,1,13.02,33.9,420.47,0.2
2025-01-20 04:00:00,F4_R19,14,1,1.11,4,20,1,13.11,34.8,421.38,0.201
2025-01-20 05:00:00,F4_R19,14,1,1.11,5,20,1,13.73,37.08,424.17,0.205
2025-01-20 06:00:00,F4_R19,14,1,1.11,6,20,1,14.17,40.76,432.67,0.219
2025-01-20 07:00:00,F4_R19,14,1,1.11,7,20,1,15.14,43.52,455.57,0.267
2025-01-20 08:00:00,F4_R19,14,1,1.11,8,20,1,16.16,46.31,508.57,0.411
2025-01-20 09:00:00,F4_R19,14,1,1.11,9,20,1,17.68,50.23,601.33,0.715
2025-01-20 10:00:00,F4_R19,14,1,1.11,10,20,1,18.68,52.83,688.99,1.0
2025-01-20 11:00:00,F4_R19,14,1,1.11,11,20,1,20.87,55.33,742.29,1.145
2025-01-20 12:00:00,F4_R19,14,1,1.11,12,20,1,22.66,57.31,767.42,1.205
2025-01-20 13:00:00,F4_R19,14,1,1.11,13,20,1,23.05,56.79,762.35,1.172
2025-01-20 14:00:00,F4_R19,14,1,1.11,14,20,1,23.07,56.32,757.97,1.167
2025-01-20 15:00:00,F4_R19,14,1,1.11,15,20,1,22.96,55.28,741.86,1.143
2025-01-20 16:00:00,F4_R19,14,1,1.11,16,20,1,21.52,52.55,686.92,0.991
2025-01-20 17:00:00,F4_R19,14,1,1.11,17,20,1,20.07,50.11,600.76,0.713
2025-01-20 18:00:00,F4_R19,14,1,1.11,18,20,1,19.29,46.09,508.03,0.409
2025-01-20 19:00:00,F4_R19,14,1,1.11,19,20,1,17.41,42.43,454.51,0.264
2025-01-20 20:00:00,F4_R19,14,1,1.11,20,20,1,15.83,40.7,432.65,0.219
2025-01-20 21:00:00,F4_R19,14,1,1.11,21,20,1,14.88,37.08,424.17,0.205
2025-01-20 22:00:00,F4_R19,14,1,1.11,22,20,1,14.0,34.95,421.39,0.201
2025-01-20 23:00:00,F4_R19,14,1,1.11,23,20,1,13.82,32.42,420.45,0.2
2025-01-21 00:00:00,F4_R19,14,1,1.11,0,21,1,12.82,30.5,420.02,0.2
2025-01-21 01:00:00,F4_R19,14,1,1.11,1,21,1,13.31,30.81,420.05,0.2
2025-01-21 02:00:00,F4_R19,14,1,1.11,2,21,1,13.18,32.14,420.15,0.2
2025-01-21 03:00:00,F4_R19,14,1,1.11,3,21,1,13.02,33.9,420.47,0.2
2025-01-21 04:00:00,F4_R19,14,1,1.11,4,21,1,13.11,34.8,421.38,0.201
2025-01-21 05:00:00,F4_R19,14,1,1.11,5,21,1,13.73,37.08,424.17,0.205
2025-01-21 06:00:00,F4_R19,14,1,1.11,6,21,1,14.17,40.76,432.67,0.219
2025-01-21 07:00:00,F4_R19,14,1,1.11,7,21,1,15.14,43.52,455.57,0.267
2025-01-21 08:00:00,F4_R19,14,1,1.11,8,21,1,16.16,46.31,508.57,0.411
2025-01-21 09:00:00,F4_R19,14,1,1.11,9,21,1,17.68,50.23,601.33,0.715
2025-01-21 10:00:00,F4_R19,14,1,1.11,10,21,1,18.68,52.83,688.99,1.0
2025-01-21 11:00:00,F4_R19,14,1,1.11,11,21,1,20.87,55.33,742.29,1.145
2025-01-21 12:00:00,F4_R19,14,1,1.11,12,21,1,22.66,57.31,767.42,1.205
2025-01-21 13:00:00,F4_R19,14,1,1.11,13,21,1,23.05,56.79,762.35,1.172
2025-01-21 14:00:00,F4_R19,14,1,1.11,14,21,1,23.07,56.32,757.97,1.167
2025-01-21 15:00:00,F4_R19,14,1,1.11,15,21,1,22.96,55.28,741.86,1.143
2025-01-21 16:00:00,F4_R19,14,1,1.11,16,21,1,21.52,52.55,686.92,0.991
2025-01-21 17:00:00,F4_R19,14,1,1.11,17,21,1,20.07,50.11,600.76,0.713
2025-01-21 18:00:00,F4_R19,14,1,1.11,18,21,1,19.29,46.09,508.03,0.409
2025-01-21 19:00:00,F4_R19,14,1,1.11,19,21,1,17.41,42.43,454.51,0.264
2025-01-21 20:00:00,F4_R19,14,1,1.11,20,21,1,15.83,40.7,432.65,0.219
2025-01-21 21:00:00,F4_R19,14,1,1.11,21,21,1,14.88,37.08,424.17,0.205
2025-01-21 22:00:00,F4_R19,14,1,1.11,22,21,1,14.0,34.95,421.39,0.201
2025-01-21 23:00:00,F4_R19,14,1,1.11,23,21,1,13.82,32.42,420.45,0.2
2025-01-22 00:00:00,F4_R19,14,1,1.11,0,22,1,12.82,30.5,420.02,0.2
2025-01-22 01:00:00,F4_R19,14,1,1.11,1,22,1,13.31,30.81,420.05,0.2
2025-01-22 02:00:00,F4_R19,14,1,1.11,2,22,1,13.18,32.14,420.15,0.2
2025-01-22 03:00:00,F4_R19,14,1,1.11,3,22,1,13.02,33.9,420.47,0.2
2025-01-22 04:00:00,F4_R19,14,1,1.11,4,22,1,13.11,34.8,421.38,0.201
2025-01-22 05:00:00,F4_R19,14,1,1.11,5,22,1,13.73,37.08,424.17,0.202
2025-01-22 06:00:00,F4_R19,14,1,1.11,6,22,1,14.17,40.76,432.67,0.208
2025-01-22 07:00:00,F4_R19,14,1,1.11,7,22,1,15.14,43.52,455.57,0.228
2025-01-22 08:00:00,F4_R19,14,1,1.11,8,22,1,16.16,46.31,508.57,0.286
2025-01-22 09:00:00,F4_R19,14,1,1.11,9,22,1,17.68,50.23,601.33,0.415
2025-01-22 10:00:00,F4_R19,14,1,1.11,10,22,1,18.68,52.83,688.99,0.525
2025-01-22 11:00:00,F4_R19,14,1,1.11,11,22,1,20.87,55.33,742.29,0.584
2025-01-22 12:00:00,F4_R19,14,1,1.11,12,22,1,22.66,57.31,767.42,0.617
2025-01-22 13:00:00,F4_R19,14,1,1.11,13,22,1,23.05,56.79,762.35,0.578
2025-01-22 14:00:00,F4_R19,14,1,1.11,14,22,1,23.07,56.32,757.97,0.578
2025-01-22 15:00:00,F4_R19,14,1,1.11,15,22,1,22.96,55.28,741.86,0.582
2025-01-22 16:00:00,F4_R19,14,1,1.11,16,22,1,21.52,52.55,686.92,0.516
2025-01-22 17:00:00,F4_R19,14,1,1.11,17,22,1,20.07,50.11,600.76,0.413
2025-01-22 18:00:00,F4_R19,14,1,1.11,18,22,1,19.29,46.09,508.03,0.284
2025-01-22 19:00:00,F4_R19,14,1,1.11,19,22,1,17.41,42.43,454.51,0.225
2025-01-22 20:00:00,F4_R19,14,1,1.11,20,22,1,15.83,40.7,432.65,0.208
2025-01-22 21:00:00,F4_R19,14,1,1.11,21,22,1,14.88,37.08,424.17,0.202
2025-01-22 22:00:00,F4_R19,14,1,1.11,22,22,1,14.0,34.95,421.39,0.201
2025-01-22 23:00:00,F4_R19,14,1,1.11,23,22,1,13.82,32.42,420.45,0.2
2025-01-23 00:00:00,F4_R19,14,1,1.11,0,23,1,12.82,30.5,420.02,0.2
2025-01-23 01:00:00,F4_R19,14,1,1.11,1,23,1,13.31,30.81,420.05,0.2
2025-01-23 02:00:00,F4_R19,14,1,1.11,2,23,1,13.18,32.14,420.15,0.2
2025-01-23 03:00:00,F4_R19,14,1,1.11,3,23,1,13.02,33.9,420.47,0.2
2025-01-23 04:00:00,F4_R19,14,1,1.11,4,23,1,13.11,34.8,421.38,0.201
2025-01-23 05:00:00,F4_R19,14,1,1.11,5,23,1,13.73,37.08,424.17,0.202
2025-01-23 06:00:00,F4_R19,14,1,1.11,6,23,1,14.17,40.76,432.67,0.208
2025-01-23 07:00:00,F4_R19,14,1,1.11,7,23,1,15.14,43.52,455.57,0.228
2025-01-23 08:00:00,F4_R19,14,1,1.11,8,23,1,16.16,46.31,508.57,0.286
2025-01-23 09:00:00,F4_R19,14,1,1.11,9,23,1,17.68,50.23,601.33,0.415
2025-01-23 10:00:00,F4_R19,14,1,1.11,10,23,1,18.68,52.83,688.99,0.525
2025-01-23 11:00:00,F4_R19,14,1,1.11,11,23,1,20.87,55.33,742.29,0.584
2025-01-23 12:00:00,F4_R19,14,1,1.11,12,23,1,22.66,57.31,767.42,0.617
2025-01-23 13:00:00,F4_R19,14,1,1.11,13,23,1,23.05,56.79,762.35,0.578
2025-01-23 14:00:00,F4_R19,14,1,1.11,14,23,1,23.07,56.32,757.97,0.578
2025-01-23 15:00:00,F4_R19,14,1,1.11,15,23,1,22.96,55.28,741.86,0.582
2025-01-23 16:00:00,F4_R19,14,1,1.11,16,23,1,21.52,52.55,686.92,0.516
2025-01-23 17:00:00,F4_R19,14,1,1.11,17,23,1,20.07,50.11,600.76,0.413
2025-01-23 18:00:00,F4_R19,14,1,1.11,18,23,1,19.29,46.09,508.03,0.284
2025-01-23 19:00:00,F4_R19,14,1,1.11,19,23,1,17.41,42.43,454.51,0.225
2025-01-23 20:00:00,F4_R19,14,1,1.11,20,23,1,15.83,40.7,432.65,0.208
2025-01-23 21:00:00,F4_R19,14,1,1.11,21,23,1,14.88,37.08,424.17,0.202
2025-01-23 22:00:00,F4_R19,14,1,1.11,22,23,1,14.0,34.95,421.39,0.201
2025-01-23 23:00:00,F4_R19,14,1,1.11,23,23,1,13.82,32.42,420.45,0.2
2025-01-24 00:00:00,F4_R19,14,1,1.11,0,24,1,12.82,30.5,420.02,0.2
2025-01-24 01:00:00,F4_R19,14,1,1.11,1,24,1,13.31,30.81,420.05,0.2
2025-01-24 02:00:00,F4_R19,14,1,1.11,2,24,1,13.18,32.14,420.15,0.2
2025-01-24 03:00:00,F4_R19,14,1,1.11,3,24,1,13.02,33.9,420.47,0.2
2025-01-24 04:00:00,F4_R19,14,1,1.11,4,24,1,13.11,34.8,421.38,0.201
2025-01-24 05:00:00,F4_R19,14,1,1.11,5,24,1,13.73,37.08,424.17,0.202
2025-01-24 06:00:00,F4_R19,14,1,1.11,6,24,1,14.17,40.76,432.67,0.208
2025-01-24 07:00:00,F4_R19,14,1,1.11,7,24,1,15.14,43.52,455.57,0.228
2025-01-24 08:00:00,F4_R19,14,1,1.11,8,24,1,16.16,46.31,508.57,0.286
2025-01-24 09:00:00,F4_R19,14,1,1.11,9,24,1,17.68,50.23,601.33,0.415
2025-01-24 10:00:00,F4_R19,14,1,1.11,10,24,1,18.68,52.83,688.99,0.525
2025-01-24 11:00:00,F4_R19,14,1,1.11,11,24,1,20.87,55.33,742.29,0.584
2025-01-24 12:00:00,F4_R19,14,1,1.11,12,24,1,22.66,57.31,767.42,0.617
2025-01-24 13:00:00,F4_R19,14,1,1.11,13,24,1,23.05,56.79,762.35,0.578
2025-01-24 14:00:00,F4_R19,14,1,1.11,14,24,1,23.07,56.32,757.97,0.578
2025-01-24 15:00:00,F4_R19,14,1,1.11,15,24,1,22.96,55.28,741.86,0.582
2025-01-24 16:00:00,F4_R19,14,1,1.11,16,24,1,21.52,52.55,686.92,0.516
2025-01-24 17:00:00,F4_R19,14,1,1.11,17,24,1,20.07,50.11,600.76,0.413
2025-01-24 18:00:00,F4_R19,14,1,1.11,18,24,1,19.29,46.09,508.03,0.284
2025-01-24 19:00:00,F4_R19,14,1,1.11,19,24,1,17.41,42.43,454.51,0.225
2025-01-24 20:00:00,F4_R19,14,1,1.11,20,24,1,15.83,40.7,432.65,0.208
2025-01-24 21:00:00,F4_R19,14,1,1.11,21,24,1,14.88,37.08,424.17,0.202
2025-01-24 22:00:00,F4_R19,14,1,1.11,22,24,1,14.0,34.95,421.39,0.201
2025-01-24 23:00:00,F4_R19,14,1,1.11,23,24,1,13.82,32.42,420.45,0.2
2025-01-25 00:00:00,F4_R19,14,1,1.11,0,25,1,12.82,30.5,420.02,0.2
2025-01-25 01:00:00,F4_R19,14,1,1.11,1,25,1,13.31,30.81,420.05,0.2
2025-01-25 02:00:00,F4_R19,14,1,1.11,2,25,1,13.18,32.14,420.15,0.2
2025-01-25 03:00:00,F4_R19,14,1,1.11,3,25,1,13.02,33.9,420.47,0.2
2025-01-25 04:00:00,F4_R19,14,1,1.11,4,25,1,13.11,34.8,421.38,0.201
2025-01-25 05:00:00,F4_R19,14,1,1.11,5,25,1,13.73,37.08,424.17,0.202
2025-01-25 06:00:00,F4_R19,14,1,1.11,6,25,1,14.17,40.76,432.67,0.208
2025-01-25 07:00:00,F4_R19,14,1,1.11,7,25,1,15.14,43.52,455.57,0.228
2025-01-25 08:00:00,F4_R19,14,1,1.11,8,25,1,16.16,46.31,508.57,0.286
2025-01-25 09:00:00,F4_R19,14,1,1.11,9,25,1,17.68,50.23,601.33,0.415
2025-01-25 10:00:00,F4_R19,14,1,1.11,10,25,1,18.68,52.83,688.99,0.525
2025-01-25 11:00:00,F4_R19,14,1,1.11,11,25,1,20.87,55.33,742.29,0.584
2025-01-25 12:00:00,F4_R19,14,1,1.11,12,25,1,22.66,57.31,767.42,0.617
2025-01-25 13:00:00,F4_R19,14,1,1.11,13,25,1,23.05,56.79,762.35,0.578
2025-01-25 14:00:00,F4_R19,14,1,1.11,14,25,1,23.07,56.32,757.97,0.578
2025-01-25 15:00:00,F4_R19,14,1,1.11,15,25,1,22.96,55.28,741.86,0.582
2025-01-25 16:00:00,F4_R19,14,1,1.11,16,25,1,21.52,52.55,686.92,0.516
2025-01-25 17:00:00,F4_R19,14,1,1.11,17,25,1,20.07,50.11,600.76,0.413
2025-01-25 18:00:00,F4_R19,14,1,1.11,18,25,1,19.29,46.09,508.03,0.284
2025-01-25 19:00:00,F4_R19,14,1,1.11,19,25,1,17.41,42.43,454.51,0.225
2025-01-25 20:00:00,F4_R19,14,1,1.11,20,25,1,15.83,40.7,432.65,0.208
2025-01-25 21:00:00,F4_R19,14,1,1.11,21,25,1,14.88,37.08,424.17,0.202
2025-01-25 22:00:00,F4_R19,14,1,1.11,22,25,1,14.0,34.95,421.39,0.201
2025-01-25 23:00:00,F4_R19,14,1,1.11,23,25,1,13.82,32.42,420.45,0.2
2025-01-26 00:00:00,F4_R19,14,1,1.11,0,26,1,12.82,30.5,420.02,0.2
2025-01-26 01:00:00,F4_R19,14,1,1.11,1,26,1,13.31,30.81,420.05,0.2
2025-01-26 02:00:00,F4_R19,14,1,1.11,2,26,1,13.18,32.14,420.15,0.2
2025-01-26 03:00:00,F4_R19,14,1,1.11,3,26,1,13.02,33.9,420.47,0.2
2025-01-26 04:00:00,F4_R19,14,1,1.11,4,26,1,13.11,34.8,421.38,0.201
2025-01-26 05:00:00,F4_R19,14,1,1.11,5,26,1,13.73,37.08,424.17,0.202
2025-01-26 06:00:00,F4_R19,14,1,1.11,6,26,1,14.17,40.76,432.67,0.208
2025-01-26 07:00:00,F4_R19,14,1,1.11,7,26,1,15.14,43.52,455.57,0.228
2025-01-26 08:00:00,F4_R19,14,1,1.11,8,26,1,16.16,46.31,508.57,0.286
2025-01-26 09:00:00,F4_R19,14,1,1.11,9,26,1,17.68,50.23,601.33,0.415
2025-01-26 10:00:00,F4_R19,14,1,1.11,10,26,1,18.68,52.83,688.99,0.525
2025-01-26 11:00:00,F4_R19,14,1,1.11,11,26,1,20.87,55.33,742.29,0.584
2025-01-26 12:00:00,F4_R19,14,1,1.11,12,26,1,22.66,57.31,767.42,0.617
2025-01-26 13:00:00,F4_R19,14,1,1.11,13,26,1,23.05,56.79,762.35,0.578
2025-01-26 14:00:00,F4_R19,14,1,1.11,14,26,1,23.07,56.32,757.97,0.578
2025-01-26 15:00:00,F4_R19,14,1,1.11,15,26,1,22.96,55.28,741.86,0.582
2025-01-26 16:00:00,F4_R19,14,1,1.11,16,26,1,21.52,52.55,686.92,0.516
2025-01-26 17:00:00,F4_R19,14,1,1.11,17,26,1,20.07,50.11,600.76,0.413
2025-01-26 18:00:00,F4_R19,14,1,1.11,18,26,1,19.29,46.09,508.03,0.284
2025-01-26 19:00:00,F4_R19,14,1,1.11,19,26,1,17.41,42.43,454.51,0.225
2025-01-26 20:00:00,F4_R19,14,1,1.11,20,26,1,15.83,40.7,432.65,0.208
2025-01-26 21:00:00,F4_R19,14,1,1.11,21,26,1,14.88,37.08,424.17,0.202
2025-01-26 22:00:00,F4_R19,14,1,1.11,22,26,1,14.0,34.95,421.39,0.201
2025-01-26 23:00:00,F4_R19,14,1,1.11,23,26,1,13.82,32.42,420.45,0.2
2025-01-27 00:00:00,F4_R19,14,1,1.11,0,27,1,12.82,30.5,420.02,0.2
2025-01-27 01:00:00,F4_R19,14,1,1.11,1,27,1,13.31,30.81,420.05,0.2
2025-01-27 02:00:00,F4_R19,14,1,1.11,2,27,1,13.18,32.14,420.15,0.2
2025-01-27 03:00:00,F4_R19,14,1,1.11,3,27,1,13.02,33.9,420.47,0.2
2025-01-27 04:00:00,F4_R19,14,1,1.11,4,27,1,13.11,34.8,421.38,0.201
2025-01-27 05:00:00,F4_R19,14,1,1.11,5,27,1,13.73,37.08,424.17,0.205
2025-01-27 06:00:00,F4_R19,14,1,1.11,6,27,1,14.17,40.76,432.67,0.219
2025-01-27 07:00:00,F4_R19,14,1,1.11,7,27,1,15.14,43.52,455.57,0.267
2025-01-27 08:00:00,F4_R19,14,1,1.11,8,27,1,16.16,46.31,508.57,0.411
2025-01-27 09:00:00,F4_R19,14,1,1.11,9,27,1,17.68,50.23,601.33,0.715
2025-01-27 10:00:00,F4_R19,14,1,1.11,10,27,1,18.68,52.83,688.99,1.0
2025-01-27 11:00:00,F4_R19,14,1,1.11,11,27,1,20.87,55.33,742.29,1.145
2025-01-27 12:00:00,F4_R19,14,1,1.11,12,27,1,22.66,57.31,767.42,1.205
2025-01-27 13:00:00,F4_R19,14,1,1.11,13,27,1,23.05,56.79,762.35,1.172
2025-01-27 14:00:00,F4_R19,14,1,1.11,14,27,1,23.07,56.32,757.97,1.167
2025-01-27 15:00:00,F4_R19,14,1,1.11,15,27,1,22.96,55.28,741.86,1.143
2025-01-27 16:00:00,F4_R19,14,1,1.11,16,27,1,21.52,52.55,686.92,0.991
2025-01-27 17:00:00,F4_R19,14,1,1.11,17,27,1,20.07,50.11,600.76,0.713
2025-01-27 18:00:00,F4_R19,14,1,1.11,18,27,1,19.29,46.09,508.03,0.409
2025-01-27 19:00:00,F4_R19,14,1,1.11,19,27,1,17.41,42.43,454.51,0.264
2025-01-27 20:00:00,F4_R19,14,1,1.11,20,27,1,15.83,40.7,432.65,0.219
2025-01-27 21:00:00,F4_R19,14,1,1.11,21,27,1,14.88,37.08,424.17,0.205
2025-01-27 22:00:00,F4_R19,14,1,1.11,22,27,1,14.0,34.95,421.39,0.201
2025-01-27 23:00:00,F4_R19,14,1,1.11,23,27,1,13.82,32.42,420.45,0.2
2025-01-28 00:00:00,F4_R19,14,1,1.11,0,28,1,12.82,30.5,420.02,0.2
2025-01-28 01:00:00,F4_R19,14,1,1.11,1,28,1,13.31,30.81,420.05,0.2
2025-01-28 02:00:00,F4_R19,14,1,1.11,2,28,1,13.18,32.14,420.15,0.2
2025-01-28 03:00:00,F4_R19,14,1,1.11,3,28,1,13.02,33.9,420.47,0.2
2025-01-28 04:00:00,F4_R19,14,1,1.11,4,28,1,13.11,34.8,421.38,0.201
2025-01-28 05:00:00,F4_R19,14,1,1.11,5,28,1,13.73,37.08,424.17,0.205
2025-01-28 06:00:00,F4_R19,14,1,1.11,6,28,1,14.17,40.76,432.67,0.219
2025-01-28 07:00:00,F4_R19,14,1,1.11,7,28,1,15.14,43.52,455.57,0.267
2025-01-28 08:00:00,F4_R19,14,1,1.11,8,28,1,16.16,46.31,508.57,0.411
2025-01-28 09:00:00,F4_R19,14,1,1.11,9,28,1,17.68,50.23,601.33,0.715
2025-01-28 10:00:00,F4_R19,14,1,1.11,10,28,1,18.68,52.83,688.99,1.0
2025-01-28 11:00:00,F4_R19,14,1,1.11,11,28,1,20.87,55.33,742.29,1.145
2025-01-28 12:00:00,F4_R19,14,1,1.11,12,28,1,22.66,57.31,767.42,1.205
2025-01-28 13:00:00,F4_R19,14,1,1.11,13,28,1,23.05,56.79,762.35,1.172
2025-01-28 14:00:00,F4_R19,14,1,1.11,14,28,1,23.07,56.32,757.97,1.167
2025-01-28 15:00:00,F4_R19,14,1,1.11,15,28,1,22.96,55.28,741.86,1.143
2025-01-28 16:00:00,F4_R19,14,1,1.11,16,28,1,21.52,52.55,686.92,0.991
2025-01-28 17:00:00,F4_R19,14,1,1.11,17,28,1,20.07,50.11,600.76,0.713
2025-01-28 18:00:00,F4_R19,14,1,1.11,18,28,1,19.29,46.09,508.03,0.409
2025-01-28 19:00:00,F4_R19,14,1,1.11,19,28,1,17.41,42.43,454.51,0.264
2025-01-28 20:00:00,F4_R19,14,1,1.11,20,28,1,15.83,40.7,432.65,0.219
2025-01-28 21:00:00,F4_R19,14,1,1.11,21,28,1,14.88,37.08,424.17,0.205
2025-01-28 22:00:00,F4_R19,14,1,1.11,22,28,1,14.0,34.95,421.39,0.201
2025-01-28 23:00:00,F4_R19,14,1,1.11,23,28,1,13.82,32.42,420.45,0.2
2025-01-29 00:00:00,F4_R19,14,1,1.11,0,29,1,12.82,30.5,420.02,0.2
2025-01-29 01:00:00,F4_R19,14,1,1.11,1,29,1,13.31,30.81,420.05,0.2
2025-01-29 02:00:00,F4_R19,14,1,1.11,2,29,1,13.18,32.14,420.15,0.2
2025-01-29 03:00:00,F4_R19,14,1,1.11,3,29,1,13.02,33.9,420.47,0.2
2025-01-29 04:00:00,F4_R19,14,1,1.11,4,29,1,13.11,34.8,421.38,0.201
2025-01-29 05:00:00,F4_R19,14,1,1.11,5,29,1,13.73,37.08,424.17,0.202
2025-01-29 06:00:00,F4_R19,14,1,1.11,6,29,1,14.17,40.76,432.67,0.208
2025-01-29 07:00:00,F4_R19,14,1,1.11,7,29,1,15.14,43.52,455.57,0.228
2025-01-29 08:00:00,F4_R19,14,1,1.11,8,29,1,16.16,46.31,508.57,0.286
2025-01-29 09:00:00,F4_R19,14,1,1.11,9,29,1,17.68,50.23,601.33,0.415
2025-01-29 10:00:00,F4_R19,14,1,1.11,10,29,1,18.68,52.83,688.99,0.525
2025-01-29 11:00:00,F4_R19,14,1,1.11,11,29,1,20.87,55.33,742.29,0.584
2025-01-29 12:00:00,F4_R19,14,1,1.11,12,29,1,22.66,57.31,767.42,0.617
2025-01-29 13:00:00,F4_R19,14,1,1.11,13,29,1,23.05,56.79,762.35,0.578
2025-01-29 14:00:00,F4_R19,14,1,1.11,14,29,1,23.07,56.32,757.97,0.578
2025-01-29 15:00:00,F4_R19,14,1,1.11,15,29,1,22.96,55.28,741.86,0.582
2025-01-29 16:00:00,F4_R19,14,1,1.11,16,29,1,21.52,52.55,686.92,0.516
2025-01-29 17:00:00,F4_R19,14,1,1.11,17,29,1,20.07,50.11,600.76,0.413
2025-01-29 18:00:00,F4_R19,14,1,1.11,18,29,1,19.29,46.09,508.03,0.284
2025-01-29 19:00:00,F4_R19,14,1,1.11,19,29,1,17.41,42.43,454.51,0.225
2025-01-29 20:00:00,F4_R19,14,1,1.11,20,29,1,15.83,40.7,432.65,0.208
2025-01-29 21:00:00,F4_R19,14,1,1.11,21,29,1,14.88,37.08,424.17,0.202
2025-01-29 22:00:00,F4_R19,14,1,1.11,22,29,1,14.0,34.95,421.39,0.201
2025-01-29 23:00:00,F4_R19,14,1,1.11,23,29,1,13.82,32.42,420.45,0.2
2025-01-30 00:00:00,F4_R19,14,1,1.11,0,30,1,12.82,30.5,420.02,0.2
2025-01-30 01:00:00,F4_R19,14,1,1.11,1,30,1,13.31,30.81,420.05,0.2
2025-01-30 02:00:00,F4_R19,14,1,1.11,2,30,1,13.18,32.14,420.15,0.2
2025-01-30 03:00:00,F4_R19,14,1,1.11,3,30,1,13.02,33.9,420.47,0.2
2025-01-30 04:00:00,F4_R19,14,1,1.11,4,30,1,13.11,34.8,421.38,0.201
2025-01-30 05:00:00,F4_R19,14,1,1.11,5,30,1,13.73,37.08,424.17,0.202
2025-01-30 06:00:00,F4_R19,14,1,1.11,6,30,1,14.17,40.76,432.67,0.208
2025-01-30 07:00:00,F4_R19,14,1,1.11,7,30,1,15.14,43.52,455.57,0.228
2025-01-30 08:00:00,F4_R19,14,1,1.11,8,30,1,16.16,46.31,508.57,0.286
2025-01-30 09:00:00,F4_R19,14,1,1.11,9,30,1,17.68,50.23,601.33,0.415
2025-01-30 10:00:00,F4_R19,14,1,1.11,10,30,1,18.68,52.83,688.99,0.525
2025-01-30 11:00:00,F4_R19,14,1,1.11,11,30,1,20.87,55.33,742.29,0.584
2025-01-30 12:00:00,F4_R19,14,1,1.11,12,30,1,22.66,57.31,767.42,0.617
2025-01-30 13:00:00,F4_R19,14,1,1.11,13,30,1,23.05,56.79,762.35,0.578
2025-01-30 14:00:00,F4_R19,14,1,1.11,14,30,1,23.07,56.32,757.97,0.578
2025-01-30 15:00:00,F4_R19,14,1,1.11,15,30,1,22.96,55.28,741.86,0.582
2025-01-30 16:00:00,F4_R19,14,1,1.11,16,30,1,21.52,52.55,686.92,0.516
2025-01-30 17:00:00,F4_R19,14,1,1.11,17,30,1,20.07,50.11,600.76,0.413
2025-01-30 18:00:00,F4_R19,14,1,1.11,18,30,1,19.29,46.09,508.03,0.284
2025-01-30 19:00:00,F4_R19,14,1,1.11,19,30,1,17.41,42.43,454.51,0.225
2025-01-30 20:00:00,F4_R19,14,1,1.11,20,30,1,15.83,40.7,432.65,0.208
2025-01-30 21:00:00,F4_R19,14,1,1.11,21,30,1,14.88,37.08,424.17,0.202
2025-01-30 22:00:00,F4_R19,14,1,1.11,22,30,1,14.0,34.95,421.39,0.201
2025-01-30 23:00:00,F4_R19,14,1,1.11,23,30,1,13.82,32.42,420.45,0.2
2025-01-31 00:00:00,F4_R19,14,1,1.11,0,31,1,12.82,30.5,420.02,0.2
2025-01-31 01:00:00,F4_R19,14,1,1.11,1,31,1,13.31,30.81,420.05,0.2
2025-01-31 02:00:00,F4_R19,14,1,1.11,2,31,1,13.18,32.14,420.15,0.2
2025-01-31 03:00:00,F4_R19,14,1,1.11,3,31,1,13.02,33.9,420.47,0.2
2025-01-31 04:00:00,F4_R19,14,1,1.11,4,31,1,13.11,34.8,421.38,0.201
2025-01-31 05:00:00,F4_R19,14,1,1.11,5,31,1,13.73,37.08,424.17,0.202
2025-01-31 06:00:00,F4_R19,14,1,1.11,6,31,1,14.17,40.76,432.67,0.208
2025-01-31 07:00:00,F4_R19,14,1,1.11,7,31,1,15.14,43.52,455.57,0.228
2025-01-31 08:00:00,F4_R19,14,1,1.11,8,31,1,16.16,46.31,508.57,0.286
2025-01-31 09:00:00,F4_R19,14,1,1.11,9,31,1,17.68,50.23,601.33,0.415
2025-01-31 10:00:00,F4_R19,14,1,1.11,10,31,1,18.68,52.83,688.99,0.525
2025-01-31 11:00:00,F4_R19,14,1,1.11,11,31,1,20.87,55.33,742.29,0.584
2025-01-31 12:00:00,F4_R19,14,1,1.11,12,31,1,22.66,57.31,767.42,0.617
2025-01-31 13:00:00,F4_R19,14,1,1.11,13,31,1,23.05,56.79,762.35,0.578
2025-01-31 14:00:00,F4_R19,14,1,1.11,14,31,1,23.07,56.32,757.97,0.578
2025-01-31 15:00:00,F4_R19,14,1,1.11,15,31,1,22.96,55.28,741.86,0.582
2025-01-31 16:00:00,F4_R19,14,1,1.11,16,31,1,21.52,52.55,686.92,0.516
2025-01-31 17:00:00,F4_R19,14,1,1.11,17,31,1,20.07,50.11,600.76,0.413
2025-01-31 18:00:00,F4_R19,14,1,1.11,18,31,1,19.29,46.09,508.03,0.284
2025-01-31 19:00:00,F4_R19,14,1,1.11,19,31,1,17.41,42.43,454.51,0.225
2025-01-31 20:00:00,F4_R19,14,1,1.11,20,31,1,15.83,40.7,432.65,0.208
2025-01-31 21:00:00,F4_R19,14,1,1.11,21,31,1,14.88,37.08,424.17,0.202
2025-01-31 22:00:00,F4_R19,14,1,1.11,22,31,1,14.0,34.95,421.39,0.201
2025-01-31 23:00:00,F4_R19,14,1,1.11,23,31,1,13.82,32.42,420.45,0.2